Residue,R2 (1/s),kex (1/s),phi
(88Lys/90Tyr/210Tyr/214Glu),27.145,1344.751,0.020149
(152Gln/201Asn/224Met),25.707,1082.293,0.026461
(15Lys/336Met/339Phe/348Ile),28.652,640.061,0.015837
