Residue,R2 (1/s),R2 Error (1/s),kex (1/s),kex Error (1/s),phi,phi Error
(88Lys/90Tyr/210Tyr/214Glu),27.145,0.285,1344.751,593.455,0.020149,0.007941
(152Gln/201Asn/224Met),25.707,0.406,1082.293,491.135,0.026461,0.009826
(15Lys/336Met/339Phe/348Ile),28.652,0.137,640.061,141.737,0.015837,0.002064
