AminoAcid,Frequency,R2eff,R2eff_error
88Lys90Tyr210Tyr214Glu,50,30.04616253,0.140712441
88Lys90Tyr210Tyr214Glu,100,31.08707611,0.137835212
88Lys90Tyr210Tyr214Glu,250,28.22382514,0.133520806
88Lys90Tyr210Tyr214Glu,500,26.97211975,0.125598816
88Lys90Tyr210Tyr214Glu,750,27.41746031,0.126340558
88Lys90Tyr210Tyr214Glu,1000,27.59976778,0.12799718
88Lys90Tyr210Tyr214Glu,1250,27.05678587,0.128775795
88Lys90Tyr210Tyr214Glu,1500,27.18906131,0.122651878
88Lys90Tyr210Tyr214Glu,2000,27.54205325,0.127890253
152Gln201Asn224Met,50,31.05644273,0.279894891
152Gln201Asn224Met,100,28.92542962,0.260490117
152Gln201Asn224Met,250,28.69607021,0.248356737
152Gln201Asn224Met,500,25.05014962,0.22478828
152Gln201Asn224Met,750,25.33255226,0.222650012
152Gln201Asn224Met,1000,25.70373136,0.233364529
152Gln201Asn224Met,1250,25.88356013,0.246077776
152Gln201Asn224Met,1500,26.43896222,0.230812235
152Gln201Asn224Met,2000,26.75383801,0.244841948
15Lys336Met339Phe348Ile,50,33.11267183,0.205141524
15Lys336Met339Phe348Ile,100,31.07550931,0.18885091
15Lys336Met339Phe348Ile,250,29.97475582,0.180635889
15Lys336Met339Phe348Ile,500,28.49522447,0.166376285
15Lys336Met339Phe348Ile,750,28.70692402,0.174076666
15Lys336Met339Phe348Ile,1000,28.82531414,0.165768375
15Lys336Met339Phe348Ile,1250,28.58909191,0.169197622
15Lys336Met339Phe348Ile,1500,28.32404422,0.157973353
15Lys336Met339Phe348Ile,2000,29.03186123,0.169906133
