Frequency,R2eff,R2eff_error
50,30.04616253,0.140712441
100,31.08707611,0.137835212
250,28.22382514,0.133520806
500,26.97211975,0.125598816
750,27.41746031,0.126340558
1000,27.59976778,0.12799718
1250,27.05678587,0.128775795
1500,27.18906131,0.122651878
2000,27.54205325,0.127890253
